GROUP,PACKAGE,CLASS,INSTRUCTION_MISSED,INSTRUCTION_COVERED,BRANCH_MISSED,BRANCH_COVERED,LINE_MISSED,LINE_COVERED,COMPLEXITY_MISSED,COMPLEXITY_COVERED,METHOD_MISSED,METHOD_COVERED
resource-booking,com.example.booking.config,SeedDataConfig,0,35,1,1,0,2,1,3,0,3
resource-booking,com.example.booking.config,OpenApiConfig,0,3,0,0,0,1,0,1,0,1
resource-booking,com.example.booking.api,AuthController,0,43,0,0,0,4,0,2,0,2
resource-booking,com.example.booking.api,ApiExceptionHandler,45,26,3,1,3,3,6,3,4,3
resource-booking,com.example.booking.api,ResourceController,25,6,0,0,5,1,5,1,5,1
resource-booking,com.example.booking.api,ReservationController,62,6,0,0,6,1,7,1,7,1
resource-booking,com.example.booking,ResourceBookingApplication,5,3,0,0,2,1,1,1,1,1
resource-booking,com.example.booking.security,JwtAuthenticationFilter,0,67,3,5,0,6,3,3,0,2
resource-booking,com.example.booking.security,DatabaseUserDetailsService,5,38,0,0,0,2,1,3,1,3
resource-booking,com.example.booking.security,JwtService,4,70,2,2,0,7,2,5,0,5
resource-booking,com.example.booking.security,SecurityConfig,0,59,0,0,0,4,0,7,0,7
resource-booking,com.example.booking.service,ResourceService,107,6,2,0,6,1,9,1,8,1
resource-booking,com.example.booking.service,ReservationService,57,211,5,11,1,14,13,13,8,10
resource-booking,com.example.booking.api.dto,ReservationDtos.ReservationRequest,0,15,0,0,0,1,0,1,0,1
resource-booking,com.example.booking.api.dto,ResourceDtos.ResourceResponse,18,0,0,0,1,0,1,0,1,0
resource-booking,com.example.booking.api.dto,ReservationDtos.ReservationUpdate,0,15,0,0,0,1,0,1,0,1
resource-booking,com.example.booking.api.dto,ResourceDtos.ResourceRequest,15,0,0,0,1,0,1,0,1,0
resource-booking,com.example.booking.api.dto,AuthDtos.LoginRequest,0,9,0,0,0,1,0,1,0,1
resource-booking,com.example.booking.api.dto,ReservationDtos.ReservationResponse,0,27,0,0,0,1,0,1,0,1
resource-booking,com.example.booking.api.dto,AuthDtos.LoginResponse,0,12,0,0,0,1,0,1,0,1
resource-booking,com.example.booking.domain,Resource,19,33,0,0,3,6,3,5,3,5
resource-booking,com.example.booking.domain,Role,0,15,0,0,0,1,0,1,0,1
resource-booking,com.example.booking.domain,AppUser,3,30,0,0,1,6,1,5,1,5
resource-booking,com.example.booking.domain,Reservation,0,61,0,0,0,11,0,10,0,10
resource-booking,com.example.booking.domain,ReservationStatus,0,21,0,0,0,1,0,1,0,1
